{
	"mtx": [
		[104.65403680863373, 0.0, 79.12313258957062],
		[0.0, 104.48251047202757, 55.689070170705634],
		[0.0, 0.0, 1.0]
	],
	"dist": [
		-0.397583085816071270,
		0.180686417456711930,
		0.004626461618389028,
		0.004197358204037882,
		-0.033813994995914630
	],
	"newcameramtx": [
		[66.54581451416016, 0.0, 81.92717558174809],
		[0.0, 64.58526611328125, 56.23740168870427], 
		[0.0, 0.0, 1.0]
	],
	"roi": [
		12,
		16,
		136,
		88
	]
}
