{
	"ret": 0.18752077616544316,
	"mtx": [
		[
			524.365705929502,
			0.0,
			322.57309626948467
		],
		[
			0.0,
			525.8738137402916,
			242.91852868340916
		],
		[
			0.0,
			0.0,
			1.0
		]
	],
	"dist": [
		[
			0.21235806220663594,
			-0.4726724653162688,
			-0.0010617699345519614,
			-0.0012341367248378263,
			0.2831142450597614
		]
	],
	"newcameramtx": [
		[
			534.828154385763,
			0.0,
			321.8294130720405
		],
		[
			0.0,
			536.0989208132096,
			242.4403612135718
		],
		[
			0.0,
			0.0,
			1.0
		]
	],
	"roi": [
		3,
		2,
		634,
		474
	]
}