{
	"ret": 0.18843763406338257,
	"mtx": [
		[524.2755675157524, 0.0,              322.5883217167881],
		[0.0,               525.772708925735, 242.7950238884331],
		[0.0,               0.0,              1.0]
	],
	"dist": [
		[
			0.21278355925005868,
			-0.47699693160945694,
			-0.0011051479542858727,
			-0.0012412176630451593,
			0.2923106324942272
		]
	],
	"rvecs": [
		[
			[
				-0.2475632335809654
			],
			[
				-0.07118388910618222
			],
			[
				0.018128024362096543
			]
		],
		[
			[
				-0.24655066637714632
			],
			[
				-0.08933915500551615
			],
			[
				0.01965856942833153
			]
		],
		[
			[
				-0.24373241778761864
			],
			[
				-0.01729020765880648
			],
			[
				0.010753564399575085
			]
		],
		[
			[
				-0.07351324368951012
			],
			[
				0.011611545009801091
			],
			[
				0.0031926211405833905
			]
		],
		[
			[
				-0.07680293484436597
			],
			[
				0.030179515108039946
			],
			[
				-0.0011318604082684674
			]
		],
		[
			[
				-0.07630727649406926
			],
			[
				0.047402661429152344
			],
			[
				-0.0008382545697365868
			]
		],
		[
			[
				-0.07209540196156447
			],
			[
				-0.017463687592352253
			],
			[
				0.009745002981140538
			]
		],
		[
			[
				-0.12185504943449557
			],
			[
				-0.22126318728830618
			],
			[
				0.042182389484873906
			]
		],
		[
			[
				-0.08825097571798324
			],
			[
				0.044584993255638576
			],
			[
				-0.045342701699483214
			]
		]
	],
	"tvecs": [
		[
			[
				-0.092251039146032
			],
			[
				-0.05034086279878023
			],
			[
				0.2628232176859729
			]
		],
		[
			[
				-0.06872296267787074
			],
			[
				-0.05100167433533709
			],
			[
				0.2587471773144057
			]
		],
		[
			[
				-0.12561974247126023
			],
			[
				-0.040429559830526
			],
			[
				0.2975258309734758
			]
		],
		[
			[
				-0.08571330618462278
			],
			[
				-0.09293690700554068
			],
			[
				0.2812174888175977
			]
		],
		[
			[
				-0.057071027467584204
			],
			[
				-0.09199422831353542
			],
			[
				0.2806036763758721
			]
		],
		[
			[
				-0.13374006898271038
			],
			[
				-0.09293772892045107
			],
			[
				0.2863717191386568
			]
		],
		[
			[
				-0.10318237828319059
			],
			[
				-0.08204906812540061
			],
			[
				0.3627491978981765
			]
		],
		[
			[
				-0.01893105094204302
			],
			[
				-0.07723192538557938
			],
			[
				0.2834032288943451
			]
		],
		[
			[
				-0.16035081996287237
			],
			[
				-0.07521655984185184
			],
			[
				0.3316851364267685
			]
		]
	],
	"newcameramtx": [
		[
			532.3042362690076,
			0.0,
			322.1390129090841
		],
		[
			0.0,
			534.8992373335793,
			241.0801797077935
		],
		[
			0.0,
			0.0,
			1.0
		]
	],
	"roi": [
		4,
		2,
		472,
		635
	]
}